"Label (Grouping)","ZCTA5 43002!!Number!!Estimate","ZCTA5 43002!!Percent Distribution!!Estimate","ZCTA5 43002!!Median income (dollars)!!Estimate","ZCTA5 43004!!Number!!Estimate","ZCTA5 43004!!Percent Distribution!!Estimate","ZCTA5 43004!!Median income (dollars)!!Estimate","ZCTA5 43016!!Number!!Estimate","ZCTA5 43016!!Percent Distribution!!Estimate","ZCTA5 43016!!Median income (dollars)!!Estimate","ZCTA5 43017!!Number!!Estimate","ZCTA5 43017!!Percent Distribution!!Estimate","ZCTA5 43017!!Median income (dollars)!!Estimate","ZCTA5 43026!!Number!!Estimate","ZCTA5 43026!!Percent Distribution!!Estimate","ZCTA5 43026!!Median income (dollars)!!Estimate","ZCTA5 43031!!Number!!Estimate","ZCTA5 43031!!Percent Distribution!!Estimate","ZCTA5 43031!!Median income (dollars)!!Estimate","ZCTA5 43035!!Number!!Estimate","ZCTA5 43035!!Percent Distribution!!Estimate","ZCTA5 43035!!Median income (dollars)!!Estimate","ZCTA5 43054!!Number!!Estimate","ZCTA5 43054!!Percent Distribution!!Estimate","ZCTA5 43054!!Median income (dollars)!!Estimate","ZCTA5 43062!!Number!!Estimate","ZCTA5 43062!!Percent Distribution!!Estimate","ZCTA5 43062!!Median income (dollars)!!Estimate","ZCTA5 43064!!Number!!Estimate","ZCTA5 43064!!Percent Distribution!!Estimate","ZCTA5 43064!!Median income (dollars)!!Estimate","ZCTA5 43065!!Number!!Estimate","ZCTA5 43065!!Percent Distribution!!Estimate","ZCTA5 43065!!Median income (dollars)!!Estimate","ZCTA5 43068!!Number!!Estimate","ZCTA5 43068!!Percent Distribution!!Estimate","ZCTA5 43068!!Median income (dollars)!!Estimate","ZCTA5 43081!!Number!!Estimate","ZCTA5 43081!!Percent Distribution!!Estimate","ZCTA5 43081!!Median income (dollars)!!Estimate","ZCTA5 43085!!Number!!Estimate","ZCTA5 43085!!Percent Distribution!!Estimate","ZCTA5 43085!!Median income (dollars)!!Estimate","ZCTA5 43109!!Number!!Estimate","ZCTA5 43109!!Percent Distribution!!Estimate","ZCTA5 43109!!Median income (dollars)!!Estimate","ZCTA5 43110!!Number!!Estimate","ZCTA5 43110!!Percent Distribution!!Estimate","ZCTA5 43110!!Median income (dollars)!!Estimate","ZCTA5 43119!!Number!!Estimate","ZCTA5 43119!!Percent Distribution!!Estimate","ZCTA5 43119!!Median income (dollars)!!Estimate","ZCTA5 43123!!Number!!Estimate","ZCTA5 43123!!Percent Distribution!!Estimate","ZCTA5 43123!!Median income (dollars)!!Estimate","ZCTA5 43125!!Number!!Estimate","ZCTA5 43125!!Percent Distribution!!Estimate","ZCTA5 43125!!Median income (dollars)!!Estimate","ZCTA5 43126!!Number!!Estimate","ZCTA5 43126!!Percent Distribution!!Estimate","ZCTA5 43126!!Median income (dollars)!!Estimate","ZCTA5 43137!!Number!!Estimate","ZCTA5 43137!!Percent Distribution!!Estimate","ZCTA5 43137!!Median income (dollars)!!Estimate","ZCTA5 43140!!Number!!Estimate","ZCTA5 43140!!Percent Distribution!!Estimate","ZCTA5 43140!!Median income (dollars)!!Estimate","ZCTA5 43146!!Number!!Estimate","ZCTA5 43146!!Percent Distribution!!Estimate","ZCTA5 43146!!Median income (dollars)!!Estimate","ZCTA5 43147!!Number!!Estimate","ZCTA5 43147!!Percent Distribution!!Estimate","ZCTA5 43147!!Median income (dollars)!!Estimate","ZCTA5 43201!!Number!!Estimate","ZCTA5 43201!!Percent Distribution!!Estimate","ZCTA5 43201!!Median income (dollars)!!Estimate","ZCTA5 43202!!Number!!Estimate","ZCTA5 43202!!Percent Distribution!!Estimate","ZCTA5 43202!!Median income (dollars)!!Estimate","ZCTA5 43203!!Number!!Estimate","ZCTA5 43203!!Percent Distribution!!Estimate","ZCTA5 43203!!Median income (dollars)!!Estimate","ZCTA5 43204!!Number!!Estimate","ZCTA5 43204!!Percent Distribution!!Estimate","ZCTA5 43204!!Median income (dollars)!!Estimate","ZCTA5 43205!!Number!!Estimate","ZCTA5 43205!!Percent Distribution!!Estimate","ZCTA5 43205!!Median income (dollars)!!Estimate","ZCTA5 43206!!Number!!Estimate","ZCTA5 43206!!Percent Distribution!!Estimate","ZCTA5 43206!!Median income (dollars)!!Estimate","ZCTA5 43207!!Number!!Estimate","ZCTA5 43207!!Percent Distribution!!Estimate","ZCTA5 43207!!Median income (dollars)!!Estimate","ZCTA5 43209!!Number!!Estimate","ZCTA5 43209!!Percent Distribution!!Estimate","ZCTA5 43209!!Median income (dollars)!!Estimate","ZCTA5 43210!!Number!!Estimate","ZCTA5 43210!!Percent Distribution!!Estimate","ZCTA5 43210!!Median income (dollars)!!Estimate","ZCTA5 43211!!Number!!Estimate","ZCTA5 43211!!Percent Distribution!!Estimate","ZCTA5 43211!!Median income (dollars)!!Estimate","ZCTA5 43212!!Number!!Estimate","ZCTA5 43212!!Percent Distribution!!Estimate","ZCTA5 43212!!Median income (dollars)!!Estimate","ZCTA5 43213!!Number!!Estimate","ZCTA5 43213!!Percent Distribution!!Estimate","ZCTA5 43213!!Median income (dollars)!!Estimate","ZCTA5 43214!!Number!!Estimate","ZCTA5 43214!!Percent Distribution!!Estimate","ZCTA5 43214!!Median income (dollars)!!Estimate","ZCTA5 43215!!Number!!Estimate","ZCTA5 43215!!Percent Distribution!!Estimate","ZCTA5 43215!!Median income (dollars)!!Estimate","ZCTA5 43217!!Number!!Estimate","ZCTA5 43217!!Percent Distribution!!Estimate","ZCTA5 43217!!Median income (dollars)!!Estimate","ZCTA5 43219!!Number!!Estimate","ZCTA5 43219!!Percent Distribution!!Estimate","ZCTA5 43219!!Median income (dollars)!!Estimate","ZCTA5 43220!!Number!!Estimate","ZCTA5 43220!!Percent Distribution!!Estimate","ZCTA5 43220!!Median income (dollars)!!Estimate","ZCTA5 43221!!Number!!Estimate","ZCTA5 43221!!Percent Distribution!!Estimate","ZCTA5 43221!!Median income (dollars)!!Estimate","ZCTA5 43222!!Number!!Estimate","ZCTA5 43222!!Percent Distribution!!Estimate","ZCTA5 43222!!Median income (dollars)!!Estimate","ZCTA5 43223!!Number!!Estimate","ZCTA5 43223!!Percent Distribution!!Estimate","ZCTA5 43223!!Median income (dollars)!!Estimate","ZCTA5 43224!!Number!!Estimate","ZCTA5 43224!!Percent Distribution!!Estimate","ZCTA5 43224!!Median income (dollars)!!Estimate","ZCTA5 43227!!Number!!Estimate","ZCTA5 43227!!Percent Distribution!!Estimate","ZCTA5 43227!!Median income (dollars)!!Estimate","ZCTA5 43228!!Number!!Estimate","ZCTA5 43228!!Percent Distribution!!Estimate","ZCTA5 43228!!Median income (dollars)!!Estimate","ZCTA5 43229!!Number!!Estimate","ZCTA5 43229!!Percent Distribution!!Estimate","ZCTA5 43229!!Median income (dollars)!!Estimate","ZCTA5 43230!!Number!!Estimate","ZCTA5 43230!!Percent Distribution!!Estimate","ZCTA5 43230!!Median income (dollars)!!Estimate","ZCTA5 43231!!Number!!Estimate","ZCTA5 43231!!Percent Distribution!!Estimate","ZCTA5 43231!!Median income (dollars)!!Estimate","ZCTA5 43232!!Number!!Estimate","ZCTA5 43232!!Percent Distribution!!Estimate","ZCTA5 43232!!Median income (dollars)!!Estimate","ZCTA5 43235!!Number!!Estimate","ZCTA5 43235!!Percent Distribution!!Estimate","ZCTA5 43235!!Median income (dollars)!!Estimate"
"HOUSEHOLD INCOME BY RACE AND HISPANIC OR LATINO ORIGIN OF HOUSEHOLDER","","","","","","","","","","","","","","","","","","","","","","","","","","","","","","","","","","","","","","","","","","","","","","","","","","","","","","","","","","","","","","","","","","","","","","","","","","","","","","","","","","","","","","","","","","","","","","","","","","","","","","","","","","","","","","","","","","","","","","","","","","","","","","","","","","","","","","","","","","","","","","","","","","","","","","","","","","","",""
"    Households","2,111","2,111","73,073","9,675","9,675","84,363","15,402","15,402","93,056","15,377","15,377","111,250","24,166","24,166","93,036","5,001","5,001","93,107","9,094","9,094","133,643","9,987","9,987","119,947","10,320","10,320","85,564","4,635","4,635","106,128","14,927","14,927","135,179","21,424","21,424","62,075","25,850","25,850","83,296","10,115","10,115","93,953","84","84","46,552","15,784","15,784","62,489","10,470","10,470","73,299","25,432","25,432","75,644","5,948","5,948","68,103","177","177","66,938","763","763","57,005","7,740","7,740","67,263","3,635","3,635","64,719","14,098","14,098","107,400","13,106","13,106","34,884","8,889","8,889","56,332","3,758","3,758","36,418","17,220","17,220","48,770","5,510","5,510","40,559","10,435","10,435","59,082","18,656","18,656","50,582","11,990","11,990","69,290","192","192","19,107","8,714","8,714","28,610","11,712","11,712","66,326","14,163","14,163","43,989","12,682","12,682","76,831","9,609","9,609","64,368","678","678","42,679","11,479","11,479","40,172","12,475","12,475","70,167","14,190","14,190","96,233","1,956","1,956","14,455","8,786","8,786","41,292","17,585","17,585","39,038","9,751","9,751","40,353","22,188","22,188","52,275","21,343","21,343","44,804","24,546","24,546","75,960","8,243","8,243","57,348","18,329","18,329","42,592","18,505","18,505","77,951"
"        One race--","","","","","","","","","","","","","","","","","","","","","","","","","","","","","","","","","","","","","","","","","","","","","","","","","","","","","","","","","","","","","","","","","","","","","","","","","","","","","","","","","","","","","","","","","","","","","","","","","","","","","","","","","","","","","","","","","","","","","","","","","","","","","","","","","","","","","","","","","","","","","","","","","","","","","","","","","","","",""
"            White","1,804","85.5%","74,433","6,768","70.0%","92,750","11,463","74.4%","88,759","12,320","80.1%","115,097","21,417","88.6%","94,332","4,928","98.5%","92,714","6,869","75.5%","132,338","7,960","79.7%","122,587","9,355","90.6%","85,355","4,281","92.4%","103,472","13,373","89.6%","131,457","13,521","63.1%","62,364","21,373","82.7%","85,389","8,817","87.2%","98,045","74","88.1%","46,983","10,064","63.8%","84,458","8,498","81.2%","79,056","23,469","92.3%","78,733","4,704","79.1%","59,932","177","100.0%","66,938","748","98.0%","56,615","7,319","94.6%","67,337","3,596","98.9%","63,724","11,441","81.2%","108,076","9,654","73.7%","41,912","6,885","77.5%","61,333","1,345","35.8%","64,438","13,475","78.3%","54,646","2,395","43.5%","64,827","6,301","60.4%","78,630","12,553","67.3%","55,169","7,658","63.9%","87,313","72","37.5%","18,750","2,486","28.5%","31,181","10,302","88.0%","75,408","6,427","45.4%","49,579","11,211","88.4%","81,065","7,552","78.6%","70,759","522","77.0%","45,556","2,140","18.6%","51,630","10,251","82.2%","74,556","13,040","91.9%","100,726","858","43.9%","28,893","6,506","74.0%","47,612","9,017","51.3%","45,762","2,617","26.8%","46,228","16,594","74.8%","56,538","10,330","48.4%","49,573","18,317","74.6%","84,615","4,487","54.4%","61,645","6,254","34.1%","49,701","15,210","82.2%","80,422"
"            Black or African American","30","1.4%","-","1,726","17.8%","56,617","636","4.1%","126,410","812","5.3%","53,520","1,111","4.6%","65,611","0","0.0%","-","696","7.7%","237,678","928","9.3%","90,795","566","5.5%","90,595","52","1.1%","73,571","208","1.4%","135,588","5,934","27.7%","65,802","2,407","9.3%","53,575","664","6.6%","45,700","10","11.9%","-","4,937","31.3%","48,243","1,068","10.2%","48,899","1,124","4.4%","58,603","1,035","17.4%","86,227","0","0.0%","-","8","1.0%","-","118","1.5%","-","0","0.0%","-","1,984","14.1%","96,364","1,608","12.3%","24,432","461","5.2%","-","2,233","59.4%","21,354","2,000","11.6%","40,326","2,524","45.8%","27,216","3,484","33.4%","29,500","5,155","27.6%","41,651","3,705","30.9%","42,396","32","16.7%","-","5,525","63.4%","27,780","490","4.2%","53,158","6,490","45.8%","36,292","722","5.7%","26,500","1,159","12.1%","10,612","107","15.8%","30,885","7,990","69.6%","36,216","505","4.0%","37,478","252","1.8%","65,160","443","22.6%","18,956","1,590","18.1%","28,008","7,021","39.9%","33,097","6,198","63.6%","37,515","3,624","16.3%","29,044","8,324","39.0%","42,286","4,183","17.0%","60,343","3,038","36.9%","53,214","11,061","60.3%","38,962","1,039","5.6%","52,604"
"            American Indian and Alaska Native","0","0.0%","-","31","0.3%","-","0","0.0%","-","2","0.0%","-","48","0.2%","-","0","0.0%","-","0","0.0%","-","0","0.0%","-","31","0.3%","-","0","0.0%","-","0","0.0%","-","4","0.0%","-","22","0.1%","-","0","0.0%","-","0","0.0%","-","0","0.0%","-","18","0.2%","-","18","0.1%","-","76","1.3%","-","0","0.0%","-","0","0.0%","-","4","0.1%","-","22","0.6%","-","0","0.0%","-","18","0.1%","-","0","0.0%","-","0","0.0%","-","20","0.1%","-","21","0.4%","32,386","96","0.9%","63,468","88","0.5%","85,125","0","0.0%","-","0","0.0%","-","12","0.1%","-","2","0.0%","-","25","0.2%","-","11","0.1%","-","35","0.4%","-","0","0.0%","-","0","0.0%","-","5","0.0%","-","0","0.0%","-","0","0.0%","-","19","0.2%","-","94","0.5%","34,492","69","0.7%","75,169","9","0.0%","-","89","0.4%","23,242","10","0.0%","-","0","0.0%","-","97","0.5%","66,211","103","0.6%","-"
"            Asian","263","12.5%","67,511","648","6.7%","73,587","3,065","19.9%","92,446","1,820","11.8%","113,939","1,099","4.5%","98,750","0","0.0%","-","1,435","15.8%","130,625","733","7.3%","104,811","219","2.1%","-","238","5.1%","159,667","1,153","7.7%","185,104","602","2.8%","54,671","1,364","5.3%","96,547","274","2.7%","110,313","0","0.0%","-","458","2.9%","68,547","434","4.1%","-","383","1.5%","69,604","74","1.2%","-","0","0.0%","-","0","0.0%","-","166","2.1%","88,033","17","0.5%","-","271","1.9%","-","1,076","8.2%","19,647","1,048","11.8%","26,786","13","0.3%","-","338","2.0%","68,333","38","0.7%","23,587","128","1.2%","58,750","279","1.5%","-","235","2.0%","46,917","84","43.8%","19,063","94","1.1%","105,746","580","5.0%","22,402","287","2.0%","77,690","433","3.4%","-","438","4.6%","77,031","6","0.9%","-","414","3.6%","101,250","1,213","9.7%","68,701","727","5.1%","58,510","0","0.0%","-","63","0.7%","-","593","3.4%","50,457","104","1.1%","34,125","681","3.1%","50,617","1,163","5.4%","41,222","1,187","4.8%","58,144","234","2.8%","71,719","207","1.1%","46,969","1,724","9.3%","79,807"
"            Native Hawaiian and Other Pacific Islander","0","0.0%","-","0","0.0%","-","8","0.1%","-","0","0.0%","-","0","0.0%","-","0","0.0%","-","0","0.0%","-","0","0.0%","-","0","0.0%","-","0","0.0%","-","8","0.1%","-","0","0.0%","-","0","0.0%","-","0","0.0%","-","0","0.0%","-","0","0.0%","-","0","0.0%","-","0","0.0%","-","0","0.0%","-","0","0.0%","-","0","0.0%","-","0","0.0%","-","0","0.0%","-","0","0.0%","-","12","0.1%","-","0","0.0%","-","13","0.3%","-","0","0.0%","-","0","0.0%","-","12","0.1%","-","0","0.0%","-","0","0.0%","-","0","0.0%","-","0","0.0%","-","0","0.0%","-","8","0.1%","-","0","0.0%","-","0","0.0%","-","0","0.0%","-","0","0.0%","-","0","0.0%","-","0","0.0%","-","0","0.0%","-","0","0.0%","-","0","0.0%","-","0","0.0%","-","0","0.0%","-","11","0.1%","-","0","0.0%","-","0","0.0%","-","76","0.4%","-","0","0.0%","-"
"            Some other race","0","0.0%","-","77","0.8%","-","48","0.3%","-","159","1.0%","196,140","50","0.2%","-","43","0.9%","-","39","0.4%","-","74","0.7%","137,989","0","0.0%","-","9","0.2%","-","44","0.3%","250,000+","603","2.8%","29,335","118","0.5%","58,889","120","1.2%","138,295","0","0.0%","-","0","0.0%","-","331","3.2%","52,674","128","0.5%","54,479","38","0.6%","-","0","0.0%","-","0","0.0%","-","9","0.1%","-","0","0.0%","-","108","0.8%","-","133","1.0%","-","76","0.9%","34,010","29","0.8%","34,028","748","4.3%","-","136","2.5%","66,121","44","0.4%","250,000+","189","1.0%","53,240","35","0.3%","-","0","0.0%","-","184","2.1%","19,348","81","0.7%","55,865","449","3.2%","65,288","91","0.7%","51,715","60","0.6%","84,868","0","0.0%","-","265","2.3%","-","34","0.3%","30,000","44","0.3%","-","613","31.3%","-","308","3.5%","2,500-","335","1.9%","25,662","433","4.4%","38,352","508","2.3%","65,264","260","1.2%","31,875","377","1.5%","49,114","122","1.5%","-","233","1.3%","37,827","78","0.4%","39,545"
"        Two or more races","14","0.7%","-","425","4.4%","78,967","182","1.2%","152,000","264","1.7%","-","441","1.8%","170,352","30","0.6%","111,719","55","0.6%","54,453","292","2.9%","250,000+","149","1.4%","150,851","55","1.2%","-","141","0.9%","113,264","760","3.5%","60,795","566","2.2%","80,417","240","2.4%","68,214","0","0.0%","-","325","2.1%","35,999","121","1.2%","103,450","310","1.2%","64,891","21","0.4%","136,042","0","0.0%","-","7","0.9%","-","124","1.6%","80,750","0","0.0%","-","294","2.1%","96,667","605","4.6%","27,255","419","4.7%","39,542","125","3.3%","38,844","639","3.7%","36,555","396","7.2%","21,429","370","3.5%","42,589","392","2.1%","37,029","357","3.0%","82,981","4","2.1%","-","413","4.7%","23,828","257","2.2%","-","477","3.4%","30,208","214","1.7%","66,447","365","3.8%","83,561","43","6.3%","49,583","670","5.8%","-","467","3.7%","45,244","127","0.9%","61,843","42","2.1%","-","300","3.4%","51,250","525","3.0%","35,063","330","3.4%","49,079","772","3.5%","37,328","1,166","5.5%","39,622","472","1.9%","87,179","362","4.4%","52,422","401","2.2%","53,511","351","1.9%","66,588"
"        Hispanic or Latino origin (of any race)","121","5.7%","-","352","3.6%","84,250","288","1.9%","-","722","4.7%","66,190","807","3.3%","83,281","69","1.4%","133,836","257","2.8%","93,295","337","3.4%","250,000+","135","1.3%","150,990","101","2.2%","35,625","135","0.9%","-","1,023","4.8%","33,461","595","2.3%","59,504","271","2.7%","104,741","1","1.2%","-","384","2.4%","84,873","558","5.3%","52,353","348","1.4%","61,953","229","3.9%","90,099","0","0.0%","-","2","0.3%","-","2","0.0%","-","21","0.6%","-","361","2.6%","119,728","723","5.5%","39,821","244","2.7%","34,896","152","4.0%","-","1,367","7.9%","27,225","86","1.6%","65,862","208","2.0%","60,734","422","2.3%","51,458","216","1.8%","43,643","28","14.6%","-","320","3.7%","31,583","505","4.3%","67,721","900","6.4%","46,600","353","2.8%","51,948","496","5.2%","83,494","16","2.4%","-","476","4.1%","-","449","3.6%","-","235","1.7%","-","66","3.4%","-","566","6.4%","40,435","729","4.1%","27,904","493","5.1%","39,471","1,973","8.9%","36,102","1,807","8.5%","42,596","608","2.5%","63,906","451","5.5%","46,964","644","3.5%","47,222","477","2.6%","50,958"
"        White alone, not Hispanic or Latino","1,683","79.7%","76,908","6,516","67.3%","92,642","11,304","73.4%","87,649","11,820","76.9%","117,720","20,819","86.1%","95,308","4,859","97.2%","92,012","6,662","73.3%","135,211","7,829","78.4%","122,515","9,292","90.0%","85,442","4,231","91.3%","104,107","13,286","89.0%","131,535","13,158","61.4%","62,300","20,993","81.2%","85,668","8,732","86.3%","98,617","73","86.9%","46,940","9,691","61.4%","84,207","8,271","79.0%","79,361","23,190","91.2%","78,937","4,630","77.8%","59,609","177","100.0%","66,938","746","97.8%","56,667","7,318","94.5%","67,330","3,575","98.3%","63,189","11,139","79.0%","106,820","9,200","70.2%","41,395","6,708","75.5%","61,946","1,232","32.8%","65,147","13,044","75.7%","55,184","2,371","43.0%","64,365","6,186","59.3%","79,488","12,393","66.4%","55,268","7,566","63.1%","86,963","44","22.9%","-","2,272","26.1%","32,036","10,027","85.6%","75,600","6,058","42.8%","50,029","10,957","86.4%","81,197","7,310","76.1%","70,609","515","76.0%","45,764","1,993","17.4%","52,928","9,984","80.0%","73,952","12,844","90.5%","100,676","813","41.6%","29,355","6,307","71.8%","47,588","8,492","48.3%","46,411","2,579","26.4%","46,098","15,443","69.6%","59,216","9,097","42.6%","50,952","18,017","73.4%","84,633","4,174","50.6%","63,309","5,928","32.3%","49,188","14,925","80.7%","80,504"
"HOUSEHOLD INCOME BY AGE OF HOUSEHOLDER","","","","","","","","","","","","","","","","","","","","","","","","","","","","","","","","","","","","","","","","","","","","","","","","","","","","","","","","","","","","","","","","","","","","","","","","","","","","","","","","","","","","","","","","","","","","","","","","","","","","","","","","","","","","","","","","","","","","","","","","","","","","","","","","","","","","","","","","","","","","","","","","","","","","","","","","","","","",""
"    15 to 24 years","268","12.7%","72,663","268","2.8%","39,286","463","3.0%","27,309","164","1.1%","52,115","870","3.6%","46,400","55","1.1%","-","55","0.6%","51,650","256","2.6%","53,750","175","1.7%","70,580","53","1.1%","87,868","105","0.7%","51,813","664","3.1%","42,159","695","2.7%","56,904","161","1.6%","44,063","0","0.0%","-","470","3.0%","36,656","142","1.4%","75,000","783","3.1%","59,556","62","1.0%","-","0","0.0%","-","2","0.3%","-","237","3.1%","48,674","21","0.6%","-","117","0.8%","-","5,075","38.7%","19,021","1,299","14.6%","27,068","302","8.0%","33,833","717","4.2%","41,836","245","4.4%","22,257","335","3.2%","50,865","509","2.7%","32,446","498","4.2%","22,823","5","2.6%","-","283","3.2%","28,523","1,122","9.6%","31,856","720","5.1%","30,660","723","5.7%","26,513","967","10.1%","48,201","69","10.2%","52,656","504","4.4%","22,941","625","5.0%","35,226","269","1.9%","41,940","55","2.8%","-","251","2.9%","27,992","688","3.9%","30,870","243","2.5%","30,043","1,120","5.0%","31,512","1,123","5.3%","26,611","807","3.3%","42,035","169","2.1%","83,375","724","4.0%","24,976","704","3.8%","40,463"
"    25 to 44 years","933","44.2%","73,896","4,469","46.2%","90,203","6,500","42.2%","88,125","5,814","37.8%","110,071","9,949","41.2%","95,167","1,608","32.2%","99,370","4,142","45.5%","131,149","4,641","46.5%","119,786","3,599","34.9%","93,692","1,661","35.8%","121,573","4,823","32.3%","143,364","8,248","38.5%","66,452","10,473","40.5%","89,621","3,611","35.7%","105,768","26","31.0%","-","6,417","40.7%","61,632","4,361","41.7%","80,904","8,538","33.6%","88,316","2,149","36.1%","68,580","78","44.1%","71,136","188","24.6%","70,915","2,166","28.0%","65,816","846","23.3%","110,903","5,060","35.9%","106,549","6,001","45.8%","56,029","5,166","58.1%","58,485","1,566","41.7%","47,847","6,780","39.4%","55,692","2,645","48.0%","52,340","4,829","46.3%","76,002","6,524","35.0%","61,707","3,884","32.4%","73,798","144","75.0%","17,679","3,545","40.7%","29,164","6,803","58.1%","70,223","5,025","35.5%","38,531","4,351","34.3%","84,299","5,504","57.3%","74,840","357","52.7%","45,781","5,177","45.1%","45,642","5,467","43.8%","68,871","5,266","37.1%","97,616","522","26.7%","27,273","3,248","37.0%","53,595","6,729","38.3%","39,846","3,228","33.1%","38,585","9,443","42.6%","56,028","8,976","42.1%","43,934","9,249","37.7%","84,984","3,676","44.6%","55,977","7,348","40.1%","40,792","7,823","42.3%","80,112"
"    45 to 64 years","539","25.5%","86,144","3,505","36.2%","104,212","5,838","37.9%","118,875","6,441","41.9%","136,725","9,795","40.5%","108,692","2,158","43.2%","119,091","3,961","43.6%","156,201","3,537","35.4%","162,440","4,319","41.9%","93,040","1,798","38.8%","125,288","6,185","41.4%","154,315","8,187","38.2%","71,394","8,754","33.9%","95,239","3,638","36.0%","104,132","21","25.0%","-","5,619","35.6%","88,339","4,481","42.8%","76,771","10,080","39.6%","94,132","2,334","39.2%","82,325","45","25.4%","65,417","426","55.8%","56,875","3,294","42.6%","78,857","1,488","40.9%","79,659","6,153","43.6%","121,128","1,556","11.9%","51,908","1,557","17.5%","74,567","1,004","26.7%","43,017","6,522","37.9%","49,556","1,721","31.2%","36,402","3,324","31.9%","50,590","7,197","38.6%","51,391","4,576","38.2%","93,684","43","22.4%","56,146","2,990","34.3%","27,482","2,412","20.6%","101,435","5,116","36.1%","51,596","4,104","32.4%","99,873","2,265","23.6%","55,625","206","30.4%","41,471","3,145","27.4%","42,708","4,095","32.8%","74,705","5,457","38.5%","116,042","535","27.4%","25,568","3,517","40.0%","38,385","6,924","39.4%","42,324","3,838","39.4%","41,792","7,722","34.8%","64,605","7,525","35.3%","52,517","9,354","38.1%","90,719","2,896","35.1%","65,519","7,374","40.2%","52,802","5,473","29.6%","91,379"
"    65 years and over","371","17.6%","68,699","1,433","14.8%","56,141","2,601","16.9%","56,414","2,958","19.2%","81,434","3,552","14.7%","54,967","1,180","23.6%","53,333","936","10.3%","58,594","1,553","15.6%","79,861","2,227","21.6%","59,139","1,123","24.2%","68,434","3,814","25.6%","81,467","4,325","20.2%","46,855","5,928","22.9%","62,579","2,705","26.7%","68,222","37","44.0%","46,336","3,278","20.8%","51,129","1,486","14.2%","44,091","6,031","23.7%","53,060","1,403","23.6%","56,680","54","30.5%","65,833","147","19.3%","42,841","2,043","26.4%","55,967","1,280","35.2%","56,525","2,768","19.6%","76,321","474","3.6%","42,000","867","9.8%","52,832","886","23.6%","13,567","3,201","18.6%","40,136","899","16.3%","26,285","1,947","18.7%","34,604","4,426","23.7%","34,792","3,032","25.3%","55,625","0","0.0%","-","1,896","21.8%","28,806","1,375","11.7%","53,179","3,302","23.3%","42,628","3,504","27.6%","59,408","873","9.1%","54,777","46","6.8%","-","2,653","23.1%","34,716","2,288","18.3%","79,063","3,198","22.5%","79,063","844","43.1%","9,244","1,770","20.1%","32,217","3,244","18.4%","33,813","2,442","25.0%","41,732","3,903","17.6%","33,475","3,719","17.4%","41,348","5,136","20.9%","51,790","1,502","18.2%","48,042","2,883","15.7%","33,622","4,505","24.3%","68,583"
"FAMILIES","","","","","","","","","","","","","","","","","","","","","","","","","","","","","","","","","","","","","","","","","","","","","","","","","","","","","","","","","","","","","","","","","","","","","","","","","","","","","","","","","","","","","","","","","","","","","","","","","","","","","","","","","","","","","","","","","","","","","","","","","","","","","","","","","","","","","","","","","","","","","","","","","","","","","","","","","","","",""
"    Families","876","876","86,538","6,795","6,795","98,576","9,983","9,983","122,970","11,322","11,322","133,848","16,830","16,830","107,708","3,789","3,789","104,547","7,640","7,640","144,204","7,258","7,258","148,495","8,163","8,163","91,880","3,748","3,748","120,302","11,961","11,961","150,008","13,455","13,455","80,348","16,407","16,407","96,364","6,693","6,693","114,258","41","41","-","9,655","9,655","82,516","7,192","7,192","87,527","18,486","18,486","92,048","3,573","3,573","84,047","134","134","69,265","590","590","63,000","4,915","4,915","78,676","2,915","2,915","83,024","11,443","11,443","113,540","2,919","2,919","47,014","3,201","3,201","80,461","1,484","1,484","35,137","10,052","10,052","55,405","2,179","2,179","44,420","4,969","4,969","63,346","11,462","11,462","62,298","6,950","6,950","102,500","123","123","32,292","5,484","5,484","32,010","3,772","3,772","144,167","7,667","7,667","52,344","6,371","6,371","101,544","1,543","1,543","92,708","505","505","39,250","6,642","6,642","48,690","6,413","6,413","113,666","8,850","8,850","119,688","1,231","1,231","-","5,321","5,321","47,624","9,838","9,838","45,010","5,483","5,483","46,072","12,871","12,871","61,986","12,688","12,688","51,324","15,727","15,727","95,989","5,164","5,164","65,616","10,963","10,963","47,221","10,723","10,723","106,974"
"        With own children of householder under 18 years","66","7.5%","46,905","3,382","49.8%","108,649","5,639","56.5%","127,491","6,007","53.1%","140,139","8,659","51.4%","105,103","1,577","41.6%","107,092","5,097","66.7%","144,424","3,816","52.6%","196,532","3,542","43.4%","94,940","2,055","54.8%","133,417","6,443","53.9%","163,003","6,790","50.5%","69,058","7,528","45.9%","95,072","3,385","50.6%","129,892","17","41.5%","95,729","4,529","46.9%","74,812","3,471","48.3%","85,903","7,729","41.8%","97,754","1,457","40.8%","88,472","61","45.5%","68,594","286","48.5%","56,000","1,848","37.6%","77,898","1,138","39.0%","91,875","6,176","54.0%","114,141","929","31.8%","30,092","1,331","41.6%","82,350","698","47.0%","15,048","3,982","39.6%","38,396","1,014","46.5%","25,592","1,823","36.7%","32,922","4,791","41.8%","52,719","3,072","44.2%","119,213","66","53.7%","-","2,913","53.1%","26,595","1,569","41.6%","169,583","3,486","45.5%","34,705","2,210","34.7%","115,282","164","10.6%","-","371","73.5%","43,304","3,471","52.3%","36,495","2,872","44.8%","141,473","4,437","50.1%","118,789","366","29.7%","25,455","2,282","42.9%","39,513","4,848","49.3%","34,857","2,335","42.6%","31,757","6,624","51.5%","54,880","6,726","53.0%","40,553","6,825","43.4%","94,859","2,837","54.9%","53,347","5,856","53.4%","37,843","4,871","45.4%","104,230"
"        With no own children of householder under 18 years","810","92.5%","90,000","3,413","50.2%","79,967","4,344","43.5%","111,126","5,315","46.9%","124,567","8,171","48.6%","109,380","2,212","58.4%","99,020","2,543","33.3%","143,385","3,442","47.4%","114,408","4,621","56.6%","87,653","1,693","45.2%","105,609","5,518","46.1%","136,130","6,665","49.5%","89,315","8,879","54.1%","97,980","3,308","49.4%","104,881","24","58.5%","-","5,126","53.1%","89,803","3,721","51.7%","87,934","10,757","58.2%","87,898","2,116","59.2%","82,500","73","54.5%","69,861","304","51.5%","83,000","3,067","62.4%","79,052","1,777","61.0%","76,875","5,267","46.0%","112,925","1,990","68.2%","73,052","1,870","58.4%","79,683","786","53.0%","55,547","6,070","60.4%","63,783","1,165","53.5%","61,975","3,146","63.3%","77,692","6,671","58.2%","69,340","3,878","55.8%","93,413","57","46.3%","37,981","2,571","46.9%","39,100","2,203","58.4%","128,329","4,181","54.5%","66,285","4,161","65.3%","96,846","1,379","89.4%","96,763","134","26.5%","33,333","3,171","47.7%","61,788","3,541","55.2%","107,449","4,413","49.9%","120,093","865","70.3%","9,234","3,039","57.1%","52,073","4,990","50.7%","51,919","3,148","57.4%","55,833","6,247","48.5%","65,685","5,962","47.0%","61,550","8,902","56.6%","96,581","2,327","45.1%","76,875","5,107","46.6%","65,521","5,852","54.6%","108,808"
"        Married-couple families","679","77.5%","99,972","5,142","75.7%","113,733","8,479","84.9%","132,422","9,576","84.6%","153,704","13,033","77.4%","122,973","3,341","88.2%","111,813","6,452","84.5%","156,135","6,192","85.3%","170,982","6,638","81.3%","96,219","3,250","86.7%","130,246","10,515","87.9%","158,010","9,018","67.0%","95,025","13,161","80.2%","108,599","5,204","77.8%","133,633","26","63.4%","96,042","6,808","70.5%","105,397","5,303","73.7%","101,584","14,617","79.1%","101,758","2,691","75.3%","90,498","112","83.6%","69,167","320","54.2%","87,143","3,806","77.4%","93,977","2,363","81.1%","105,078","9,287","81.2%","127,311","1,508","51.7%","105,500","2,308","72.1%","100,263","608","41.0%","85,615","5,811","57.8%","69,330","1,046","48.0%","74,837","2,809","56.5%","101,406","6,851","59.8%","74,210","4,900","70.5%","122,484","114","92.7%","35,000","1,544","28.2%","49,338","3,194","84.7%","151,630","3,844","50.1%","74,100","5,169","81.1%","115,219","1,320","85.5%","102,100","230","45.5%","50,965","3,063","46.1%","65,408","5,202","81.1%","127,296","7,113","80.4%","137,369","821","66.7%","9,200","2,552","48.0%","62,860","5,261","53.5%","59,052","2,516","45.9%","60,598","8,494","66.0%","75,946","7,056","55.6%","64,301","11,413","72.6%","111,004","2,901","56.2%","80,710","5,216","47.6%","68,739","8,504","79.3%","121,490"
"            With own children under 18 years","18","2.1%","-","2,729","40.2%","120,242","4,512","45.2%","149,268","4,684","41.4%","172,449","6,230","37.0%","127,872","1,291","34.1%","126,339","4,302","56.3%","158,148","3,267","45.0%","214,531","2,843","34.8%","105,150","1,697","45.3%","141,542","5,509","46.1%","179,982","4,353","32.4%","94,083","5,699","34.7%","110,114","2,544","38.0%","150,682","13","31.7%","-","2,937","30.4%","102,017","2,291","31.9%","117,553","5,663","30.6%","113,947","1,118","31.3%","101,554","48","35.8%","70,455","120","20.3%","83,250","1,178","24.0%","101,063","776","26.6%","111,910","4,818","42.1%","135,472","246","8.4%","120,556","946","29.6%","130,484","145","9.8%","-","1,723","17.1%","67,777","296","13.6%","167,143","606","12.2%","95,581","2,263","19.7%","75,794","1,959","28.2%","162,054","57","46.3%","-","682","12.4%","41,923","1,425","37.8%","178,828","1,249","16.3%","64,911","1,648","25.9%","143,214","44","2.9%","69,375","168","33.3%","51,205","1,339","20.2%","45,660","2,360","36.8%","148,553","3,442","38.9%","148,269","101","8.2%","56,696","852","16.0%","70,300","2,623","26.7%","56,042","796","14.5%","56,481","4,078","31.7%","76,227","3,258","25.7%","63,704","4,705","29.9%","111,333","1,368","26.5%","77,619","1,953","17.8%","66,119","3,634","33.9%","135,300"
"        Female householder, no spouse present","87","9.9%","61,375","979","14.4%","56,827","1,104","11.1%","60,048","1,322","11.7%","49,889","2,750","16.3%","53,438","323","8.5%","37,684","827","10.8%","66,573","771","10.6%","76,556","1,071","13.1%","47,170","314","8.4%","43,889","966","8.1%","76,897","3,371","25.1%","43,404","2,312","14.1%","55,000","1,078","16.1%","51,150","2","4.9%","-","1,750","18.1%","41,425","1,222","17.0%","42,177","2,672","14.5%","49,825","605","16.9%","65,662","21","15.7%","-","181","30.7%","37,375","858","17.5%","38,510","475","16.3%","56,875","1,662","14.5%","61,815","1,145","39.2%","22,860","404","12.6%","45,357","723","48.7%","15,525","3,178","31.6%","33,728","886","40.7%","23,154","1,705","34.3%","25,417","3,059","26.7%","41,658","1,551","22.3%","47,635","9","7.3%","-","3,454","63.0%","23,496","354","9.4%","90,032","2,799","36.5%","31,115","883","13.9%","51,691","180","11.7%","-","208","41.2%","30,256","2,656","40.0%","31,949","855","13.3%","62,617","1,115","12.6%","65,104","363","29.5%","25,739","2,171","40.8%","30,019","3,568","36.3%","29,957","2,381","43.4%","32,345","2,989","23.2%","24,650","4,122","32.5%","30,160","3,332","21.2%","60,110","1,569","30.4%","41,627","4,887","44.6%","35,715","1,545","14.4%","62,780"
"            With own children under 18 years","48","5.5%","45,833","378","5.6%","42,345","815","8.2%","48,221","948","8.4%","48,031","1,799","10.7%","52,917","210","5.5%","35,116","524","6.9%","71,000","439","6.0%","66,761","568","7.0%","45,443","254","6.8%","42,778","595","5.0%","86,477","1,920","14.3%","35,830","1,233","7.5%","50,592","561","8.4%","33,398","1","2.4%","-","981","10.2%","34,939","714","9.9%","35,000","1,401","7.6%","34,967","258","7.2%","44,500","12","9.0%","-","106","18.0%","45,962","482","9.8%","22,407","332","11.4%","57,643","1,108","9.7%","54,695","632","21.7%","22,439","258","8.1%","34,948","514","34.6%","10,254","1,695","16.9%","31,469","634","29.1%","15,625","1,019","20.5%","22,064","1,569","13.7%","34,107","900","12.9%","49,714","9","7.3%","-","1,996","36.4%","18,152","81","2.1%","61,250","1,723","22.5%","25,632","424","6.7%","46,111","87","5.6%","11,858","145","28.7%","30,609","1,688","25.4%","26,923","407","6.3%","51,989","547","6.2%","41,634","226","18.4%","18,846","1,203","22.6%","25,350","1,780","18.1%","21,550","1,181","21.5%","24,904","1,762","13.7%","16,143","2,708","21.3%","23,492","1,486","9.4%","56,278","1,070","20.7%","32,168","3,495","31.9%","34,450","830","7.7%","50,055"
"        Male householder, no spouse present","110","12.6%","-","674","9.9%","69,676","400","4.0%","94,885","424","3.7%","57,038","1,047","6.2%","67,216","125","3.3%","85,163","361","4.7%","93,047","295","4.1%","64,422","454","5.6%","75,000","184","4.9%","81,618","480","4.0%","97,500","1,066","7.9%","51,893","934","5.7%","62,146","411","6.1%","83,007","13","31.7%","-","1,097","11.4%","55,692","667","9.3%","52,552","1,197","6.5%","54,554","277","7.8%","74,750","1","0.7%","-","89","15.1%","-","251","5.1%","61,061","77","2.6%","62,644","494","4.3%","79,773","266","9.1%","32,365","489","15.3%","42,309","153","10.3%","48,607","1,063","10.6%","51,776","247","11.3%","40,515","455","9.2%","37,917","1,552","13.5%","50,902","499","7.2%","67,689","0","0.0%","-","486","8.9%","31,667","224","5.9%","124,000","1,024","13.4%","48,370","319","5.0%","51,653","43","2.8%","-","67","13.3%","43,839","923","13.9%","41,454","356","5.6%","105,900","622","7.0%","63,997","47","3.8%","-","598","11.2%","34,694","1,009","10.3%","41,884","586","10.7%","28,466","1,388","10.8%","45,000","1,510","11.9%","37,880","982","6.2%","60,391","694","13.4%","66,305","860","7.8%","49,390","674","6.3%","49,246"
"            With own children under 18 years","0","0.0%","-","275","4.0%","71,757","312","3.1%","94,038","375","3.3%","56,726","630","3.7%","62,188","76","2.0%","86,087","271","3.5%","68,942","110","1.5%","62,357","131","1.6%","46,331","104","2.8%","-","339","2.8%","96,417","517","3.8%","42,532","596","3.6%","61,925","280","4.2%","84,797","3","7.3%","-","611","6.3%","44,626","466","6.5%","55,000","665","3.6%","44,268","81","2.3%","98,255","1","0.7%","-","60","10.2%","-","188","3.8%","60,236","30","1.0%","-","250","2.2%","75,690","51","1.7%","-","127","4.0%","-","39","2.6%","36,202","564","5.6%","39,545","84","3.9%","-","198","4.0%","34,237","959","8.4%","50,297","213","3.1%","43,224","0","0.0%","-","235","4.3%","40,792","63","1.7%","159,844","514","6.7%","33,989","138","2.2%","65,833","33","2.1%","-","58","11.5%","43,036","444","6.7%","52,845","105","1.6%","106,932","448","5.1%","63,438","39","3.2%","-","227","4.3%","-","445","4.5%","29,931","358","6.5%","20,259","784","6.1%","44,216","760","6.0%","37,382","634","4.0%","56,500","399","7.7%","66,602","408","3.7%","39,224","407","3.8%","47,675"
"FAMILY INCOME BY FAMILY SIZE","","","","","","","","","","","","","","","","","","","","","","","","","","","","","","","","","","","","","","","","","","","","","","","","","","","","","","","","","","","","","","","","","","","","","","","","","","","","","","","","","","","","","","","","","","","","","","","","","","","","","","","","","","","","","","","","","","","","","","","","","","","","","","","","","","","","","","","","","","","","","","","","","","","","","","","","","","","",""
"    2-person families","780","89.0%","74,725","2,758","40.6%","86,250","3,958","39.6%","99,155","4,669","41.2%","105,325","6,865","40.8%","97,566","1,889","49.9%","98,248","2,328","30.5%","119,682","2,978","41.0%","99,319","4,015","49.2%","82,181","1,414","37.7%","99,946","4,777","39.9%","119,075","5,285","39.3%","73,494","7,763","47.3%","91,633","2,844","42.5%","99,318","20","48.8%","-","4,812","49.8%","78,042","3,241","45.1%","77,511","8,779","47.5%","73,926","1,831","51.2%","74,873","54","40.3%","68,056","320","54.2%","61,364","2,446","49.8%","69,306","1,442","49.5%","59,926","4,268","37.3%","102,181","1,887","64.6%","59,327","1,875","58.6%","74,395","642","43.3%","55,568","4,899","48.7%","55,207","1,092","50.1%","49,394","3,041","61.2%","75,144","5,444","47.5%","57,117","3,924","56.5%","89,731","62","50.4%","35,000","2,317","42.3%","27,766","2,082","55.2%","118,889","3,845","50.1%","54,638","3,995","62.7%","91,466","1,422","92.2%","97,051","140","27.7%","35,435","3,086","46.5%","52,050","3,157","49.2%","104,148","4,029","45.5%","108,494","858","69.7%","9,278","2,164","40.7%","48,750","3,858","39.2%","41,848","2,544","46.4%","41,968","5,775","44.9%","58,095","5,635","44.4%","52,560","8,057","51.2%","85,816","1,961","38.0%","66,438","4,997","45.6%","45,039","5,112","47.7%","102,564"
"    3-person families","96","11.0%","131,500","1,360","20.0%","92,604","2,586","25.9%","111,929","2,928","25.9%","133,934","4,091","24.3%","108,191","853","22.5%","105,116","1,505","19.7%","133,472","1,576","21.7%","163,750","1,810","22.2%","99,605","782","20.9%","106,838","2,949","24.7%","161,063","3,806","28.3%","82,442","3,824","23.3%","97,011","1,539","23.0%","129,250","4","9.8%","75,000","1,700","17.6%","83,650","1,818","25.3%","85,121","4,464","24.1%","107,548","561","15.7%","79,925","28","20.9%","-","181","30.7%","70,274","1,236","25.1%","90,588","576","19.8%","59,946","2,176","19.0%","121,598","647","22.2%","35,331","528","16.5%","80,625","312","21.0%","30,652","2,348","23.4%","49,133","540","24.8%","32,227","772","15.5%","50,625","3,192","27.8%","66,203","1,291","18.6%","102,829","40","32.5%","63,333","1,271","23.2%","32,104","715","19.0%","151,326","1,618","21.1%","51,311","1,327","20.8%","108,281","109","7.1%","-","175","34.7%","31,763","1,197","18.0%","52,411","1,386","21.6%","114,643","1,972","22.3%","113,627","135","11.0%","-","1,101","20.7%","40,168","2,658","27.0%","48,106","1,182","21.6%","46,848","2,750","21.4%","65,095","2,823","22.2%","40,856","2,997","19.1%","114,005","1,308","25.3%","65,682","2,383","21.7%","48,199","2,548","23.8%","96,236"
"    4-person families","0","0.0%","-","1,852","27.3%","115,600","2,293","23.0%","141,375","2,517","22.2%","175,341","3,874","23.0%","131,814","604","15.9%","125,893","2,487","32.6%","151,929","1,893","26.1%","218,239","1,366","16.7%","106,813","873","23.3%","151,250","3,011","25.2%","172,284","2,442","18.1%","85,549","3,225","19.7%","106,310","1,394","20.8%","143,409","16","39.0%","-","1,789","18.5%","85,662","1,124","15.6%","118,988","2,991","16.2%","107,781","632","17.7%","92,778","21","15.7%","70,341","50","8.5%","83,250","659","13.4%","135,250","655","22.5%","110,646","3,089","27.0%","128,401","285","9.8%","28,832","612","19.1%","114,474","218","14.7%","-","1,431","14.2%","60,491","312","14.3%","40,192","731","14.7%","41,850","1,434","12.5%","69,300","1,060","15.3%","140,000","0","0.0%","-","979","17.9%","40,410","701","18.6%","187,148","1,428","18.6%","46,719","733","11.5%","135,859","12","0.8%","-","123","24.4%","50,558","1,157","17.4%","24,074","1,233","19.2%","159,120","1,934","21.9%","161,042","52","4.2%","-","1,068","20.1%","48,367","1,836","18.7%","44,509","835","15.2%","59,509","2,663","20.7%","78,775","2,349","18.5%","52,682","3,004","19.1%","101,911","924","17.9%","65,357","2,043","18.6%","40,673","1,919","17.9%","137,014"
"    5-person families","0","0.0%","-","519","7.6%","122,228","871","8.7%","191,806","900","7.9%","206,408","1,537","9.1%","104,837","259","6.8%","89,708","1,029","13.5%","174,708","680","9.4%","182,285","553","6.8%","93,154","375","10.0%","140,795","916","7.7%","226,389","1,342","10.0%","90,750","1,273","7.8%","110,647","727","10.9%","135,536","1","2.4%","-","842","8.7%","111,042","782","10.9%","91,194","1,598","8.6%","113,241","330","9.2%","132,538","31","23.1%","-","8","1.4%","-","337","6.9%","65,032","149","5.1%","115,341","1,507","13.2%","127,886","43","1.5%","-","138","4.3%","-","206","13.9%","32,222","664","6.6%","61,957","139","6.4%","23,622","281","5.7%","26,193","912","8.0%","74,620","546","7.9%","135,455","0","0.0%","-","467","8.5%","34,612","221","5.9%","181,875","484","6.3%","-","205","3.2%","133,466","0","0.0%","-","30","5.9%","-","609","9.2%","51,033","344","5.4%","190,347","636","7.2%","104,756","36","2.9%","-","610","11.5%","78,750","871","8.9%","56,625","615","11.2%","45,647","1,084","8.4%","36,766","1,110","8.7%","70,816","1,073","6.8%","108,794","492","9.5%","57,578","903","8.2%","58,429","781","7.3%","114,861"
"    6-person families","0","0.0%","-","181","2.7%","-","199","2.0%","-","263","2.3%","-","295","1.8%","99,671","126","3.3%","139,148","167","2.2%","130,852","131","1.8%","163,977","272","3.3%","131,111","258","6.9%","134,136","207","1.7%","130,066","470","3.5%","102,879","207","1.3%","130,568","79","1.2%","-","0","0.0%","-","484","5.0%","49,509","95","1.3%","-","431","2.3%","93,068","140","3.9%","130,096","0","0.0%","-","0","0.0%","-","155","3.2%","79,097","19","0.7%","-","326","2.8%","98,636","19","0.7%","-","48","1.5%","-","90","6.1%","4,773","453","4.5%","64,250","59","2.7%","200,536","63","1.3%","57,188","365","3.2%","54,539","89","1.3%","-","21","17.1%","-","240","4.4%","-","48","1.3%","-","236","3.1%","54,297","78","1.2%","151,364","0","0.0%","-","37","7.3%","66,250","266","4.0%","49,559","195","3.0%","-","146","1.6%","206,000","38","3.1%","-","148","2.8%","41,934","356","3.6%","59,537","170","3.1%","50,250","261","2.0%","65,793","471","3.7%","49,763","297","1.9%","115,399","233","4.5%","73,750","413","3.8%","68,796","312","2.9%","103,182"
"    7-or-more person families","0","0.0%","-","125","1.8%","39,453","76","0.8%","171,591","45","0.4%","-","168","1.0%","51,760","58","1.5%","163,095","124","1.6%","184,375","0","0.0%","-","147","1.8%","82,788","46","1.2%","-","101","0.8%","208,274","110","0.8%","76,923","115","0.7%","46,688","110","1.6%","16,335","0","0.0%","-","28","0.3%","77,059","132","1.8%","91,435","223","1.2%","107,417","79","2.2%","81,844","0","0.0%","-","31","5.3%","-","82","1.7%","100,455","74","2.5%","250,000+","77","0.7%","103,661","38","1.3%","-","0","0.0%","-","16","1.1%","-","257","2.6%","-","37","1.7%","-","81","1.6%","17,625","115","1.0%","85,313","40","0.6%","134,444","0","0.0%","-","210","3.8%","55,000","5","0.1%","-","56","0.7%","-","33","0.5%","-","0","0.0%","-","0","0.0%","-","327","4.9%","35,946","98","1.5%","-","133","1.5%","90,779","112","9.1%","-","230","4.3%","77,692","259","2.6%","25,536","137","2.5%","85,078","338","2.6%","-","300","2.4%","99,919","299","1.9%","77,944","246","4.8%","-","224","2.0%","108,603","51","0.5%","250,000+"
"FAMILY INCOME BY NUMBER OF EARNERS","","","","","","","","","","","","","","","","","","","","","","","","","","","","","","","","","","","","","","","","","","","","","","","","","","","","","","","","","","","","","","","","","","","","","","","","","","","","","","","","","","","","","","","","","","","","","","","","","","","","","","","","","","","","","","","","","","","","","","","","","","","","","","","","","","","","","","","","","","","","","","","","","","","","","","","","","","","",""
"    No earners","9","1.0%","-","253","3.7%","63,806","679","6.8%","76,632","730","6.4%","73,971","1,235","7.3%","39,655","456","12.0%","45,179","228","3.0%","61,389","577","7.9%","81,292","936","11.5%","53,883","393","10.5%","53,438","1,281","10.7%","70,236","1,152","8.6%","46,121","1,803","11.0%","62,404","692","10.3%","77,143","4","9.8%","-","918","9.5%","61,375","622","8.6%","33,173","2,179","11.8%","56,260","428","12.0%","44,631","21","15.7%","-","127","21.5%","-","671","13.7%","54,650","423","14.5%","55,011","803","7.0%","67,297","268","9.2%","-","152","4.7%","-","135","9.1%","5,966","1,450","14.4%","21,389","198","9.1%","15,625","685","13.8%","26,838","1,481","12.9%","28,750","669","9.6%","61,575","21","17.1%","-","962","17.5%","13,821","256","6.8%","70,909","1,025","13.4%","37,026","918","14.4%","52,594","177","11.5%","85,298","64","12.7%","14,318","809","12.2%","23,750","579","9.0%","90,347","839","9.5%","74,047","715","58.1%","8,809","1,255","23.6%","15,679","1,343","13.7%","19,201","736","13.4%","29,962","1,066","8.3%","35,641","1,451","11.4%","23,401","1,488","9.5%","48,464","413","8.0%","47,473","1,103","10.1%","31,097","1,221","11.4%","81,518"
"    1 earner","262","29.9%","60,500","2,159","31.8%","69,103","3,651","36.6%","80,264","3,656","32.3%","92,031","4,248","25.2%","70,368","620","16.4%","77,000","1,848","24.2%","95,588","1,928","26.6%","119,352","2,293","28.1%","59,311","1,051","28.0%","98,582","3,072","25.7%","127,992","4,298","31.9%","50,866","5,023","30.6%","76,517","1,692","25.3%","90,625","19","46.3%","-","2,885","29.9%","58,750","1,892","26.3%","51,261","4,980","26.9%","58,784","1,088","30.5%","65,952","61","45.5%","70,729","204","34.6%","37,250","1,654","33.7%","60,000","914","31.4%","58,060","2,708","23.7%","77,039","1,182","40.5%","33,167","755","23.6%","46,360","769","51.8%","31,060","4,014","39.9%","37,660","948","43.5%","24,037","1,888","38.0%","32,089","4,461","38.9%","43,707","2,477","35.6%","78,858","58","47.2%","38,077","2,643","48.2%","26,473","612","16.2%","136,429","3,145","41.0%","34,209","1,610","25.3%","70,833","353","22.9%","53,155","247","48.9%","35,625","2,788","42.0%","33,965","2,235","34.9%","89,344","2,687","30.4%","87,989","345","28.0%","28,180","1,809","34.0%","38,330","4,057","41.2%","32,070","2,266","41.3%","30,938","5,036","39.1%","36,480","4,827","38.0%","34,515","4,777","30.4%","70,348","1,556","30.1%","37,235","5,064","46.2%","36,410","3,192","29.8%","80,889"
"    2 earners","577","65.9%","103,750","3,731","54.9%","114,513","4,870","48.8%","147,480","5,450","48.1%","163,923","8,751","52.0%","123,316","2,304","60.8%","125,568","4,586","60.0%","161,530","4,068","56.0%","165,811","4,199","51.4%","104,229","1,882","50.2%","143,148","6,199","51.8%","171,834","6,033","44.8%","100,371","7,877","48.0%","113,595","3,586","53.6%","137,150","17","41.5%","96,146","5,038","52.2%","92,750","3,853","53.6%","106,490","8,874","48.0%","109,588","1,633","45.7%","98,824","44","32.8%","67,000","230","39.0%","111,354","1,998","40.7%","91,087","1,277","43.8%","115,768","6,216","54.3%","128,308","1,306","44.7%","83,611","2,086","65.2%","89,537","477","32.1%","76,420","3,706","36.9%","74,429","911","41.8%","73,933","2,148","43.2%","110,721","4,491","39.2%","85,924","3,174","45.7%","130,426","44","35.8%","55,417","1,582","28.8%","59,971","2,558","67.8%","150,945","2,721","35.5%","66,707","3,480","54.6%","119,722","999","64.7%","110,859","194","38.4%","51,923","2,473","37.2%","71,683","3,081","48.0%","129,078","4,445","50.2%","141,045","150","12.2%","61,250","1,798","33.8%","71,066","3,512","35.7%","67,279","1,895","34.6%","72,773","5,678","44.1%","78,586","5,129","40.4%","67,285","7,366","46.8%","111,747","2,528","49.0%","78,583","3,506","32.0%","66,225","5,280","49.2%","122,849"
"    3 or more earners","28","3.2%","-","652","9.6%","123,958","783","7.8%","162,171","1,486","13.1%","195,625","2,596","15.4%","152,200","409","10.8%","139,688","978","12.8%","171,797","685","9.4%","205,074","735","9.0%","147,960","422","11.3%","139,048","1,409","11.8%","166,603","1,972","14.7%","104,625","1,704","10.4%","136,250","723","10.8%","136,012","1","2.4%","-","814","8.4%","138,750","825","11.5%","122,518","2,453","13.3%","128,932","424","11.9%","127,386","8","6.0%","-","29","4.9%","-","592","12.0%","133,438","301","10.3%","-","1,716","15.0%","142,306","163","5.6%","-","208","6.5%","137,500","103","6.9%","98,542","882","8.8%","98,030","122","5.6%","131,136","248","5.0%","65,385","1,029","9.0%","88,438","630","9.1%","126,522","0","0.0%","-","297","5.4%","78,427","346","9.2%","151,136","776","10.1%","102,911","363","5.7%","144,539","14","0.9%","-","0","0.0%","-","572","8.6%","72,986","518","8.1%","173,036","879","9.9%","150,694","21","1.7%","69,792","459","8.6%","89,205","926","9.4%","83,036","586","10.7%","74,683","1,091","8.5%","103,068","1,281","10.1%","78,994","2,096","13.3%","117,949","667","12.9%","97,477","1,290","11.8%","100,227","1,030","9.6%","139,255"
"NONFAMILY HOUSEHOLDS","","","","","","","","","","","","","","","","","","","","","","","","","","","","","","","","","","","","","","","","","","","","","","","","","","","","","","","","","","","","","","","","","","","","","","","","","","","","","","","","","","","","","","","","","","","","","","","","","","","","","","","","","","","","","","","","","","","","","","","","","","","","","","","","","","","","","","","","","","","","","","","","","","","","","","","","","","","",""
"    Nonfamily households","1,235","1,235","69,772","2,880","2,880","53,485","5,419","5,419","60,638","4,055","4,055","62,468","7,336","7,336","53,141","1,212","1,212","54,858","1,454","1,454","60,948","2,729","2,729","67,990","2,157","2,157","49,105","887","887","59,609","2,966","2,966","56,944","7,969","7,969","36,885","9,443","9,443","57,823","3,422","3,422","61,778","43","43","45,905","6,129","6,129","45,121","3,278","3,278","49,273","6,946","6,946","43,765","2,375","2,375","41,821","43","43","27,250","173","173","39,844","2,825","2,825","45,997","720","720","43,578","2,655","2,655","57,083","10,187","10,187","31,920","5,688","5,688","45,162","2,274","2,274","35,806","7,168","7,168","37,220","3,331","3,331","35,933","5,466","5,466","55,045","7,194","7,194","32,963","5,040","5,040","40,062","69","69","14,896","3,230","3,230","22,054","7,940","7,940","51,309","6,496","6,496","33,517","6,311","6,311","56,354","8,066","8,066","60,276","173","173","35,820","4,837","4,837","31,067","6,062","6,062","45,280","5,340","5,340","65,564","725","725","19,817","3,465","3,465","30,130","7,747","7,747","30,923","4,268","4,268","29,870","9,317","9,317","39,497","8,655","8,655","36,774","8,819","8,819","49,666","3,079","3,079","44,108","7,366","7,366","31,622","7,782","7,782","54,089"
"        Female householder","547","44.3%","67,984","1,618","56.2%","48,235","3,025","55.8%","46,298","2,023","49.9%","54,831","3,833","52.2%","44,900","664","54.8%","40,417","746","51.3%","44,808","1,346","49.3%","60,962","1,127","52.2%","47,513","443","49.9%","51,940","1,730","58.3%","53,220","4,513","56.6%","34,927","5,507","58.3%","54,058","2,040","59.6%","61,550","43","100.0%","45,905","3,129","51.1%","35,333","1,763","53.8%","35,527","4,055","58.4%","45,037","894","37.6%","43,056","36","83.7%","30,000","132","76.3%","41,071","1,456","51.5%","38,764","503","69.9%","34,094","1,474","55.5%","53,289","4,480","44.0%","30,323","2,452","43.1%","41,894","1,032","45.4%","18,466","3,218","44.9%","31,758","1,545","46.4%","36,611","2,980","54.5%","53,889","3,676","51.1%","30,283","3,020","59.9%","36,969","25","36.2%","17,813","1,755","54.3%","18,399","4,080","51.4%","49,729","3,296","50.7%","29,834","3,208","50.8%","48,346","3,912","48.5%","51,840","64","37.0%","35,455","2,794","57.8%","28,167","2,371","39.1%","45,221","2,800","52.4%","59,462","356","49.1%","17,544","1,449","41.8%","28,038","3,915","50.5%","29,735","2,326","54.5%","26,276","4,802","51.5%","31,965","4,755","54.9%","32,309","5,389","61.1%","48,599","1,872","60.8%","43,372","3,659","49.7%","29,677","4,405","56.6%","50,041"
"            Living alone","513","41.5%","67,799","1,433","49.8%","48,574","2,885","53.2%","44,531","1,829","45.1%","52,663","3,104","42.3%","38,977","557","46.0%","27,904","685","47.1%","42,750","1,133","41.5%","55,657","920","42.7%","45,645","436","49.2%","51,638","1,631","55.0%","51,993","3,909","49.1%","32,457","4,587","48.6%","51,750","1,558","45.5%","53,483","41","95.3%","45,819","2,793","45.6%","32,838","1,424","43.4%","33,911","3,446","49.6%","40,927","614","25.9%","27,857","36","83.7%","30,000","117","67.6%","40,655","1,191","42.2%","36,432","409","56.8%","32,531","1,318","49.6%","41,435","2,327","22.8%","25,511","1,366","24.0%","35,467","874","38.4%","15,111","2,392","33.4%","25,352","1,163","34.9%","23,177","2,173","39.8%","40,615","2,821","39.2%","24,250","2,525","50.1%","35,707","25","36.2%","17,813","1,483","45.9%","15,972","3,155","39.7%","47,337","2,846","43.8%","28,790","2,680","42.5%","42,857","2,998","37.2%","43,341","47","27.2%","-","2,258","46.7%","26,201","1,845","30.4%","42,130","2,415","45.2%","55,120","228","31.4%","17,990","1,170","33.8%","20,181","3,209","41.4%","26,955","2,062","48.3%","24,310","3,817","41.0%","28,481","4,299","49.7%","30,049","4,703","53.3%","41,934","1,461","47.5%","36,453","3,298","44.8%","25,919","3,538","45.5%","44,260"
"            Not living alone","34","2.8%","85,833","185","6.4%","-","140","2.6%","63,955","194","4.8%","102,727","729","9.9%","77,118","107","8.8%","97,589","61","4.2%","-","213","7.8%","103,958","207","9.6%","81,563","7","0.8%","-","99","3.3%","125,069","604","7.6%","66,486","920","9.7%","99,555","482","14.1%","106,292","2","4.7%","-","336","5.5%","71,886","339","10.3%","99,550","609","8.8%","65,118","280","11.8%","74,765","0","0.0%","-","15","8.7%","-","265","9.4%","58,472","94","13.1%","106,607","156","5.9%","93,333","2,153","21.1%","35,665","1,086","19.1%","65,313","158","6.9%","59,208","826","11.5%","76,324","382","11.5%","86,806","807","14.8%","94,159","855","11.9%","60,260","495","9.8%","68,869","0","0.0%","-","272","8.4%","38,397","925","11.6%","77,301","450","6.9%","62,955","528","8.4%","86,250","914","11.3%","80,000","17","9.8%","145,375","536","11.1%","44,634","526","8.7%","64,554","385","7.2%","78,098","128","17.7%","-","279","8.1%","58,063","706","9.1%","49,352","264","6.2%","65,873","985","10.6%","80,511","456","5.3%","56,982","686","7.8%","78,500","411","13.3%","76,094","361","4.9%","54,057","867","11.1%","77,176"
"        Male householder","688","55.7%","73,883","1,262","43.8%","62,318","2,394","44.2%","80,685","2,032","50.1%","71,111","3,503","47.8%","66,250","548","45.2%","63,876","708","48.7%","110,227","1,383","50.7%","72,325","1,030","47.8%","53,011","444","50.1%","67,881","1,236","41.7%","60,590","3,456","43.4%","38,697","3,936","41.7%","68,968","1,382","40.4%","62,063","0","0.0%","-","3,000","48.9%","51,559","1,515","46.2%","54,837","2,891","41.6%","40,763","1,481","62.4%","41,789","7","16.3%","-","41","23.7%","32,125","1,369","48.5%","51,788","217","30.1%","60,625","1,181","44.5%","61,039","5,707","56.0%","35,199","3,236","56.9%","46,845","1,242","54.6%","40,083","3,950","55.1%","40,150","1,786","53.6%","35,481","2,486","45.5%","56,411","3,518","48.9%","34,439","2,020","40.1%","41,622","44","63.8%","12,083","1,475","45.7%","25,525","3,860","48.6%","52,618","3,200","49.3%","34,912","3,103","49.2%","66,580","4,154","51.5%","69,325","109","63.0%","36,012","2,043","42.2%","33,252","3,691","60.9%","45,288","2,540","47.6%","72,895","369","50.9%","24,442","2,016","58.2%","31,725","3,832","49.5%","32,075","1,942","45.5%","34,286","4,515","48.5%","45,554","3,900","45.1%","41,937","3,430","38.9%","53,574","1,207","39.2%","45,551","3,707","50.3%","33,188","3,377","43.4%","61,921"
"            Living alone","526","42.6%","72,219","1,004","34.9%","53,194","1,898","35.0%","75,313","1,652","40.7%","59,636","2,626","35.8%","53,208","392","32.3%","63,165","559","38.4%","102,326","1,060","38.8%","69,748","734","34.0%","48,165","334","37.7%","69,063","1,016","34.3%","48,929","2,828","35.5%","36,280","2,583","27.4%","62,312","1,155","33.8%","63,875","0","0.0%","-","2,435","39.7%","49,285","1,267","38.7%","50,427","2,216","31.9%","37,582","1,334","56.2%","41,448","5","11.6%","23,125","31","17.9%","38,594","941","33.3%","48,798","182","25.3%","60,417","1,080","40.7%","60,317","3,002","29.5%","26,440","1,861","32.7%","34,973","915","40.2%","31,280","2,930","40.9%","35,530","1,295","38.9%","27,385","1,952","35.7%","47,098","2,644","36.8%","32,661","1,430","28.4%","36,921","44","63.8%","12,083","1,138","35.2%","20,265","2,744","34.6%","45,638","2,764","42.5%","33,419","2,017","32.0%","54,829","3,171","39.3%","57,223","90","52.0%","35,357","1,664","34.4%","31,894","2,897","47.8%","41,649","1,901","35.6%","66,574","138","19.0%","8,723","1,407","40.6%","23,110","2,818","36.4%","27,605","1,591","37.3%","32,583","3,188","34.2%","38,150","3,059","35.3%","38,064","2,548","28.9%","48,014","969","31.5%","37,762","3,005","40.8%","28,504","2,523","32.4%","52,599"
"            Not living alone","162","13.1%","102,333","258","9.0%","112,902","496","9.2%","89,286","380","9.4%","93,537","877","12.0%","98,170","156","12.9%","-","149","10.2%","111,932","323","11.8%","76,942","296","13.7%","71,288","110","12.4%","63,333","220","7.4%","120,870","628","7.9%","78,071","1,353","14.3%","85,594","227","6.6%","60,662","0","0.0%","-","565","9.2%","61,683","248","7.6%","125,152","675","9.7%","70,901","147","6.2%","59,234","2","4.7%","-","10","5.8%","-","428","15.2%","57,097","35","4.9%","60,859","101","3.8%","121,625","2,705","26.6%","50,183","1,375","24.2%","63,695","327","14.4%","68,375","1,020","14.2%","72,500","491","14.7%","78,542","534","9.8%","100,956","874","12.1%","44,545","590","11.7%","53,750","0","0.0%","-","337","10.4%","50,795","1,116","14.1%","88,036","436","6.7%","60,873","1,086","17.2%","72,115","983","12.2%","104,760","19","11.0%","60,208","379","7.8%","52,386","794","13.1%","78,750","639","12.0%","83,305","231","31.9%","29,355","609","17.6%","67,250","1,014","13.1%","38,033","351","8.2%","55,104","1,327","14.2%","66,895","841","9.7%","69,509","882","10.0%","93,824","238","7.7%","95,850","702","9.5%","69,020","854","11.0%","92,750"